Workbook

Sheet 📊 Dashboard
A1: 📊 DASHBOARD — CONTROL DE ENTREGA DE EPPs
A3: AÑO: | B3: 2026 | C3: ← Cambia aquí el año para filtrar | ⚠️ Asegúrate que este año coincida con las fechas del Registro | Z3: EPPs ENTREGADOS (TOTAL AÑO)
A5: RESUMEN POR TRABAJADOR Y ZONA — AÑO:
A6: TRABAJADOR | B6: Cabeza | C6: Ojos | D6: Oídos | E6: Respiratorio | F6: Torso | G6: Manos | H6: Piernas | I6: Pies | J6: TOTAL | Z6: 🪖 Cabeza | AD6: =SUMPRODUCT(('📝 Registro'!C5:C104=B3)*('📝 Registro'!F5:F104="Cabeza")*('📝 Registro'!G5:G104)) -> 0
A7: ='👷 Trabajadores'!B5 -> Juan Pérez García | B7: =SUMPRODUCT(('📝 Registro'!C5:C104=B3)*('📝 Registro'!D5:D104=A7)*('📝 Registro'!F5:F104="Cabeza")*('📝 Registro'!G5:G104)) -> 0 | C7: =SUMPRODUCT(('📝 Registro'!C5:C104=B3)*('📝 Registro'!D5:D104=A7)*('📝 Registro'!F5:F104="Ojos")*('📝 Registro'!G5:G104)) -> 0 | D7: =SUMPRODUCT(('📝 Registro'!C5:C104=B3)*('📝 Registro'!D5:D104=A7)*('📝 Registro'!F5:F104="Oídos")*('📝 Registro'!G5:G104)) -> 0 | E7: =SUMPRODUCT(('📝 Registro'!C5:C104=B3)*('📝 Registro'!D5:D104=A7)*('📝 Registro'!F5:F104="Respiratorio")*('📝 Registro'!G5:G104)) -> 0 | F7: =SUMPRODUCT(('📝 Registro'!C5:C104=B3)*('📝 Registro'!D5:D104=A7)*('📝 Registro'!F5:F104="Torso")*('📝 Registro'!G5:G104)) -> 0 | G7: =SUMPRODUCT(('📝 Registro'!C5:C104=B3)*('📝 Registro'!D5:D104=A7)*('📝 Registro'!F5:F104="Manos")*('📝 Registro'!G5:G104)) -> 0 | H7: =SUMPRODUCT(('📝 Registro'!C5:C104=B3)*('📝 Registro'!D5:D104=A7)*('📝 Registro'!F5:F104="Piernas")*('📝 Registro'!G5:G104)) -> 0 | I7: =SUMPRODUCT(('📝 Registro'!C5:C104=B3)*('📝 Registro'!D5:D104=A7)*('📝 Registro'!F5:F104="Pies")*('📝 Registro'!G5:G104)) -> 0 | J7: =SUM(B7:I7) -> 0
A8: ='👷 Trabajadores'!B6 -> Carlos López Ríos | B8: =SUMPRODUCT(('📝 Registro'!C5:C104=B3)*('📝 Registro'!D5:D104=A8)*('📝 Registro'!F5:F104="Cabeza")*('📝 Registro'!G5:G104)) -> 0 | C8: =SUMPRODUCT(('📝 Registro'!C5:C104=B3)*('📝 Registro'!D5:D104=A8)*('📝 Registro'!F5:F104="Ojos")*('📝 Registro'!G5:G104)) -> 0 | D8: =SUMPRODUCT(('📝 Registro'!C5:C104=B3)*('📝 Registro'!D5:D104=A8)*('📝 Registro'!F5:F104="Oídos")*('📝 Registro'!G5:G104)) -> 0 | E8: =SUMPRODUCT(('📝 Registro'!C5:C104=B3)*('📝 Registro'!D5:D104=A8)*('📝 Registro'!F5:F104="Respiratorio")*('📝 Registro'!G5:G104)) -> 0 | F8: =SUMPRODUCT(('📝 Registro'!C5:C104=B3)*('📝 Registro'!D5:D104=A8)*('📝 Registro'!F5:F104="Torso")*('📝 Registro'!G5:G104)) -> 0 | G8: =SUMPRODUCT(('📝 Registro'!C5:C104=B3)*('📝 Registro'!D5:D104=A8)*('📝 Registro'!F5:F104="Manos")*('📝 Registro'!G5:G104)) -> 0 | H8: =SUMPRODUCT(('📝 Registro'!C5:C104=B3)*('📝 Registro'!D5:D104=A8)*('📝 Registro'!F5:F104="Piernas")*('📝 Registro'!G5:G104)) -> 0 | I8: =SUMPRODUCT(('📝 Registro'!C5:C104=B3)*('📝 Registro'!D5:D104=A8)*('📝 Registro'!F5:F104="Pies")*('📝 Registro'!G5:G104)) -> 0 | J8: =SUM(B8:I8) -> 0
A9: ='👷 Trabajadores'!B7 -> Miguel Torres Díaz | B9: =SUMPRODUCT(('📝 Registro'!C5:C104=B3)*('📝 Registro'!D5:D104=A9)*('📝 Registro'!F5:F104="Cabeza")*('📝 Registro'!G5:G104)) -> 0 | C9: =SUMPRODUCT(('📝 Registro'!C5:C104=B3)*('📝 Registro'!D5:D104=A9)*('📝 Registro'!F5:F104="Ojos")*('📝 Registro'!G5:G104)) -> 0 | D9: =SUMPRODUCT(('📝 Registro'!C5:C104=B3)*('📝 Registro'!D5:D104=A9)*('📝 Registro'!F5:F104="Oídos")*('📝 Registro'!G5:G104)) -> 0 | E9: =SUMPRODUCT(('📝 Registro'!C5:C104=B3)*('📝 Registro'!D5:D104=A9)*('📝 Registro'!F5:F104="Respiratorio")*('📝 Registro'!G5:G104)) -> 0 | F9: =SUMPRODUCT(('📝 Registro'!C5:C104=B3)*('📝 Registro'!D5:D104=A9)*('📝 Registro'!F5:F104="Torso")*('📝 Registro'!G5:G104)) -> 0 | G9: =SUMPRODUCT(('📝 Registro'!C5:C104=B3)*('📝 Registro'!D5:D104=A9)*('📝 Registro'!F5:F104="Manos")*('📝 Registro'!G5:G104)) -> 0 | H9: =SUMPRODUCT(('📝 Registro'!C5:C104=B3)*('📝 Registro'!D5:D104=A9)*('📝 Registro'!F5:F104="Piernas")*('📝 Registro'!G5:G104)) -> 0 | I9: =SUMPRODUCT(('📝 Registro'!C5:C104=B3)*('📝 Registro'!D5:D104=A9)*('📝 Registro'!F5:F104="Pies")*('📝 Registro'!G5:G104)) -> 0 | J9: =SUM(B9:I9) -> 0
A10: ='👷 Trabajadores'!B8 -> Pedro Vargas Silva | B10: =SUMPRODUCT(('📝 Registro'!C5:C104=B3)*('📝 Registro'!D5:D104=A10)*('📝 Registro'!F5:F104="Cabeza")*('📝 Registro'!G5:G104)) -> 0 | C10: =SUMPRODUCT(('📝 Registro'!C5:C104=B3)*('📝 Registro'!D5:D104=A10)*('📝 Registro'!F5:F104="Ojos")*('📝 Registro'!G5:G104)) -> 0 | D10: =SUMPRODUCT(('📝 Registro'!C5:C104=B3)*('📝 Registro'!D5:D104=A10)*('📝 Registro'!F5:F104="Oídos")*('📝 Registro'!G5:G104)) -> 0 | E10: =SUMPRODUCT(('📝 Registro'!C5:C104=B3)*('📝 Registro'!D5:D104=A10)*('📝 Registro'!F5:F104="Respiratorio")*('📝 Registro'!G5:G104)) -> 0 | F10: =SUMPRODUCT(('📝 Registro'!C5:C104=B3)*('📝 Registro'!D5:D104=A10)*('📝 Registro'!F5:F104="Torso")*('📝 Registro'!G5:G104)) -> 0 | G10: =SUMPRODUCT(('📝 Registro'!C5:C104=B3)*('📝 Registro'!D5:D104=A10)*('📝 Registro'!F5:F104="Manos")*('📝 Registro'!G5:G104)) -> 0 | H10: =SUMPRODUCT(('📝 Registro'!C5:C104=B3)*('📝 Registro'!D5:D104=A10)*('📝 Registro'!F5:F104="Piernas")*('📝 Registro'!G5:G104)) -> 0 | I10: =SUMPRODUCT(('📝 Registro'!C5:C104=B3)*('📝 Registro'!D5:D104=A10)*('📝 Registro'!F5:F104="Pies")*('📝 Registro'!G5:G104)) -> 0 | J10: =SUM(B10:I10) -> 0 | Z10: 🥽 Ojos | AD10: =SUMPRODUCT(('📝 Registro'!C5:C104=B3)*('📝 Registro'!F5:F104="Ojos")*('📝 Registro'!G5:G104)) -> 0
A11: ='👷 Trabajadores'!B9 -> Luis Ramos Flores | B11: =SUMPRODUCT(('📝 Registro'!C5:C104=B3)*('📝 Registro'!D5:D104=A11)*('📝 Registro'!F5:F104="Cabeza")*('📝 Registro'!G5:G104)) -> 0 | C11: =SUMPRODUCT(('📝 Registro'!C5:C104=B3)*('📝 Registro'!D5:D104=A11)*('📝 Registro'!F5:F104="Ojos")*('📝 Registro'!G5:G104)) -> 0 | D11: =SUMPRODUCT(('📝 Registro'!C5:C104=B3)*('📝 Registro'!D5:D104=A11)*('📝 Registro'!F5:F104="Oídos")*('📝 Registro'!G5:G104)) -> 0 | E11: =SUMPRODUCT(('📝 Registro'!C5:C104=B3)*('📝 Registro'!D5:D104=A11)*('📝 Registro'!F5:F104="Respiratorio")*('📝 Registro'!G5:G104)) -> 0 | F11: =SUMPRODUCT(('📝 Registro'!C5:C104=B3)*('📝 Registro'!D5:D104=A11)*('📝 Registro'!F5:F104="Torso")*('📝 Registro'!G5:G104)) -> 0 | G11: =SUMPRODUCT(('📝 Registro'!C5:C104=B3)*('📝 Registro'!D5:D104=A11)*('📝 Registro'!F5:F104="Manos")*('📝 Registro'!G5:G104)) -> 0 | H11: =SUMPRODUCT(('📝 Registro'!C5:C104=B3)*('📝 Registro'!D5:D104=A11)*('📝 Registro'!F5:F104="Piernas")*('📝 Registro'!G5:G104)) -> 0 | I11: =SUMPRODUCT(('📝 Registro'!C5:C104=B3)*('📝 Registro'!D5:D104=A11)*('📝 Registro'!F5:F104="Pies")*('📝 Registro'!G5:G104)) -> 0 | J11: =SUM(B11:I11) -> 0
A12: ='👷 Trabajadores'!B10 -> Jorge Huanca Mamani | B12: =SUMPRODUCT(('📝 Registro'!C5:C104=B3)*('📝 Registro'!D5:D104=A12)*('📝 Registro'!F5:F104="Cabeza")*('📝 Registro'!G5:G104)) -> 0 | C12: =SUMPRODUCT(('📝 Registro'!C5:C104=B3)*('📝 Registro'!D5:D104=A12)*('📝 Registro'!F5:F104="Ojos")*('📝 Registro'!G5:G104)) -> 0 | D12: =SUMPRODUCT(('📝 Registro'!C5:C104=B3)*('📝 Registro'!D5:D104=A12)*('📝 Registro'!F5:F104="Oídos")*('📝 Registro'!G5:G104)) -> 0 | E12: =SUMPRODUCT(('📝 Registro'!C5:C104=B3)*('📝 Registro'!D5:D104=A12)*('📝 Registro'!F5:F104="Respiratorio")*('📝 Registro'!G5:G104)) -> 0 | F12: =SUMPRODUCT(('📝 Registro'!C5:C104=B3)*('📝 Registro'!D5:D104=A12)*('📝 Registro'!F5:F104="Torso")*('📝 Registro'!G5:G104)) -> 0 | G12: =SUMPRODUCT(('📝 Registro'!C5:C104=B3)*('📝 Registro'!D5:D104=A12)*('📝 Registro'!F5:F104="Manos")*('📝 Registro'!G5:G104)) -> 0 | H12: =SUMPRODUCT(('📝 Registro'!C5:C104=B3)*('📝 Registro'!D5:D104=A12)*('📝 Registro'!F5:F104="Piernas")*('📝 Registro'!G5:G104)) -> 0 | I12: =SUMPRODUCT(('📝 Registro'!C5:C104=B3)*('📝 Registro'!D5:D104=A12)*('📝 Registro'!F5:F104="Pies")*('📝 Registro'!G5:G104)) -> 0 | J12: =SUM(B12:I12) -> 0
A13: ='👷 Trabajadores'!B11 -> Roberto Soto Cruz | B13: =SUMPRODUCT(('📝 Registro'!C5:C104=B3)*('📝 Registro'!D5:D104=A13)*('📝 Registro'!F5:F104="Cabeza")*('📝 Registro'!G5:G104)) -> 0 | C13: =SUMPRODUCT(('📝 Registro'!C5:C104=B3)*('📝 Registro'!D5:D104=A13)*('📝 Registro'!F5:F104="Ojos")*('📝 Registro'!G5:G104)) -> 0 | D13: =SUMPRODUCT(('📝 Registro'!C5:C104=B3)*('📝 Registro'!D5:D104=A13)*('📝 Registro'!F5:F104="Oídos")*('📝 Registro'!G5:G104)) -> 0 | E13: =SUMPRODUCT(('📝 Registro'!C5:C104=B3)*('📝 Registro'!D5:D104=A13)*('📝 Registro'!F5:F104="Respiratorio")*('📝 Registro'!G5:G104)) -> 0 | F13: =SUMPRODUCT(('📝 Registro'!C5:C104=B3)*('📝 Registro'!D5:D104=A13)*('📝 Registro'!F5:F104="Torso")*('📝 Registro'!G5:G104)) -> 0 | G13: =SUMPRODUCT(('📝 Registro'!C5:C104=B3)*('📝 Registro'!D5:D104=A13)*('📝 Registro'!F5:F104="Manos")*('📝 Registro'!G5:G104)) -> 0 | H13: =SUMPRODUCT(('📝 Registro'!C5:C104=B3)*('📝 Registro'!D5:D104=A13)*('📝 Registro'!F5:F104="Piernas")*('📝 Registro'!G5:G104)) -> 0 | I13: =SUMPRODUCT(('📝 Registro'!C5:C104=B3)*('📝 Registro'!D5:D104=A13)*('📝 Registro'!F5:F104="Pies")*('📝 Registro'!G5:G104)) -> 0 | J13: =SUM(B13:I13) -> 0
A14: ='👷 Trabajadores'!B12 -> Antonio Quispe Lima | B14: =SUMPRODUCT(('📝 Registro'!C5:C104=B3)*('📝 Registro'!D5:D104=A14)*('📝 Registro'!F5:F104="Cabeza")*('📝 Registro'!G5:G104)) -> 0 | C14: =SUMPRODUCT(('📝 Registro'!C5:C104=B3)*('📝 Registro'!D5:D104=A14)*('📝 Registro'!F5:F104="Ojos")*('📝 Registro'!G5:G104)) -> 0 | D14: =SUMPRODUCT(('📝 Registro'!C5:C104=B3)*('📝 Registro'!D5:D104=A14)*('📝 Registro'!F5:F104="Oídos")*('📝 Registro'!G5:G104)) -> 0 | E14: =SUMPRODUCT(('📝 Registro'!C5:C104=B3)*('📝 Registro'!D5:D104=A14)*('📝 Registro'!F5:F104="Respiratorio")*('📝 Registro'!G5:G104)) -> 0 | F14: =SUMPRODUCT(('📝 Registro'!C5:C104=B3)*('📝 Registro'!D5:D104=A14)*('📝 Registro'!F5:F104="Torso")*('📝 Registro'!G5:G104)) -> 0 | G14: =SUMPRODUCT(('📝 Registro'!C5:C104=B3)*('📝 Registro'!D5:D104=A14)*('📝 Registro'!F5:F104="Manos")*('📝 Registro'!G5:G104)) -> 0 | H14: =SUMPRODUCT(('📝 Registro'!C5:C104=B3)*('📝 Registro'!D5:D104=A14)*('📝 Registro'!F5:F104="Piernas")*('📝 Registro'!G5:G104)) -> 0 | I14: =SUMPRODUCT(('📝 Registro'!C5:C104=B3)*('📝 Registro'!D5:D104=A14)*('📝 Registro'!F5:F104="Pies")*('📝 Registro'!G5:G104)) -> 0 | J14: =SUM(B14:I14) -> 0 | Z14: 👂 Oídos | AD14: =SUMPRODUCT(('📝 Registro'!C5:C104=B3)*('📝 Registro'!F5:F104="Oídos")*('📝 Registro'!G5:G104)) -> 0
A15: ='👷 Trabajadores'!B13 -> Francisco Paredes R. | B15: =SUMPRODUCT(('📝 Registro'!C5:C104=B3)*('📝 Registro'!D5:D104=A15)*('📝 Registro'!F5:F104="Cabeza")*('📝 Registro'!G5:G104)) -> 0 | C15: =SUMPRODUCT(('📝 Registro'!C5:C104=B3)*('📝 Registro'!D5:D104=A15)*('📝 Registro'!F5:F104="Ojos")*('📝 Registro'!G5:G104)) -> 0 | D15: =SUMPRODUCT(('📝 Registro'!C5:C104=B3)*('📝 Registro'!D5:D104=A15)*('📝 Registro'!F5:F104="Oídos")*('📝 Registro'!G5:G104)) -> 0 | E15: =SUMPRODUCT(('📝 Registro'!C5:C104=B3)*('📝 Registro'!D5:D104=A15)*('📝 Registro'!F5:F104="Respiratorio")*('📝 Registro'!G5:G104)) -> 0 | F15: =SUMPRODUCT(('📝 Registro'!C5:C104=B3)*('📝 Registro'!D5:D104=A15)*('📝 Registro'!F5:F104="Torso")*('📝 Registro'!G5:G104)) -> 0 | G15: =SUMPRODUCT(('📝 Registro'!C5:C104=B3)*('📝 Registro'!D5:D104=A15)*('📝 Registro'!F5:F104="Manos")*('📝 Registro'!G5:G104)) -> 0 | H15: =SUMPRODUCT(('📝 Registro'!C5:C104=B3)*('📝 Registro'!D5:D104=A15)*('📝 Registro'!F5:F104="Piernas")*('📝 Registro'!G5:G104)) -> 0 | I15: =SUMPRODUCT(('📝 Registro'!C5:C104=B3)*('📝 Registro'!D5:D104=A15)*('📝 Registro'!F5:F104="Pies")*('📝 Registro'!G5:G104)) -> 0 | J15: =SUM(B15:I15) -> 0
A16: ='👷 Trabajadores'!B14 -> Héctor Mendoza Vega | B16: =SUMPRODUCT(('📝 Registro'!C5:C104=B3)*('📝 Registro'!D5:D104=A16)*('📝 Registro'!F5:F104="Cabeza")*('📝 Registro'!G5:G104)) -> 0 | C16: =SUMPRODUCT(('📝 Registro'!C5:C104=B3)*('📝 Registro'!D5:D104=A16)*('📝 Registro'!F5:F104="Ojos")*('📝 Registro'!G5:G104)) -> 0 | D16: =SUMPRODUCT(('📝 Registro'!C5:C104=B3)*('📝 Registro'!D5:D104=A16)*('📝 Registro'!F5:F104="Oídos")*('📝 Registro'!G5:G104)) -> 0 | E16: =SUMPRODUCT(('📝 Registro'!C5:C104=B3)*('📝 Registro'!D5:D104=A16)*('📝 Registro'!F5:F104="Respiratorio")*('📝 Registro'!G5:G104)) -> 0 | F16: =SUMPRODUCT(('📝 Registro'!C5:C104=B3)*('📝 Registro'!D5:D104=A16)*('📝 Registro'!F5:F104="Torso")*('📝 Registro'!G5:G104)) -> 0 | G16: =SUMPRODUCT(('📝 Registro'!C5:C104=B3)*('📝 Registro'!D5:D104=A16)*('📝 Registro'!F5:F104="Manos")*('📝 Registro'!G5:G104)) -> 0 | H16: =SUMPRODUCT(('📝 Registro'!C5:C104=B3)*('📝 Registro'!D5:D104=A16)*('📝 Registro'!F5:F104="Piernas")*('📝 Registro'!G5:G104)) -> 0 | I16: =SUMPRODUCT(('📝 Registro'!C5:C104=B3)*('📝 Registro'!D5:D104=A16)*('📝 Registro'!F5:F104="Pies")*('📝 Registro'!G5:G104)) -> 0 | J16: =SUM(B16:I16) -> 0
A17: TOTAL GENERAL | B17: =SUM(B7:B16) -> 0 | C17: =SUM(C7:C16) -> 0 | D17: =SUM(D7:D16) -> 0 | E17: =SUM(E7:E16) -> 0 | F17: =SUM(F7:F16) -> 0 | G17: =SUM(G7:G16) -> 0 | H17: =SUM(H7:H16) -> 0 | I17: =SUM(I7:I16) -> 0 | J17: =SUM(J7:J16) -> 0
Z18: 😷 Respiratorio | AD18: =SUMPRODUCT(('📝 Registro'!C5:C104=B3)*('📝 Registro'!F5:F104="Respiratorio")*('📝 Registro'!G5:G104)) -> 0
A20: DETALLE POR TIPO DE EPP — AÑO:
A21: EPP | B21: ZONA | C21: ='👷 Trabajadores'!B5 -> Juan Pérez García | D21: ='👷 Trabajadores'!B6 -> Carlos López Ríos | E21: ='👷 Trabajadores'!B7 -> Miguel Torres Díaz | F21: ='👷 Trabajadores'!B8 -> Pedro Vargas Silva | G21: ='👷 Trabajadores'!B9 -> Luis Ramos Flores | H21: ='👷 Trabajadores'!B10 -> Jorge Huanca Mamani | I21: ='👷 Trabajadores'!B11 -> Roberto Soto Cruz | J21: ='👷 Trabajadores'!B12 -> Antonio Quispe Lima | K21: ='👷 Trabajadores'!B13 -> Francisco Paredes R. | L21: ='👷 Trabajadores'!B14 -> Héctor Mendoza Vega | M21: TOTAL
A22: =IFERROR(INDEX('📋 Catálogo EPP'!$B$5:$B$24,1),"") -> Casco de Seguridad | B22: =IFERROR(INDEX('📋 Catálogo EPP'!$C$5:$C$24,1),"") -> Cabeza | C22: =SUMPRODUCT(('📝 Registro'!C5:C104=B3)*('📝 Registro'!D5:D104='👷 Trabajadores'!B5)*('📝 Registro'!E5:E104=A22)*('📝 Registro'!G5:G104)) -> 0 | D22: =SUMPRODUCT(('📝 Registro'!C5:C104=B3)*('📝 Registro'!D5:D104='👷 Trabajadores'!B6)*('📝 Registro'!E5:E104=A22)*('📝 Registro'!G5:G104)) -> 0 | E22: =SUMPRODUCT(('📝 Registro'!C5:C104=B3)*('📝 Registro'!D5:D104='👷 Trabajadores'!B7)*('📝 Registro'!E5:E104=A22)*('📝 Registro'!G5:G104)) -> 0 | F22: =SUMPRODUCT(('📝 Registro'!C5:C104=B3)*('📝 Registro'!D5:D104='👷 Trabajadores'!B8)*('📝 Registro'!E5:E104=A22)*('📝 Registro'!G5:G104)) -> 0 | G22: =SUMPRODUCT(('📝 Registro'!C5:C104=B3)*('📝 Registro'!D5:D104='👷 Trabajadores'!B9)*('📝 Registro'!E5:E104=A22)*('📝 Registro'!G5:G104)) -> 0 | H22: =SUMPRODUCT(('📝 Registro'!C5:C104=B3)*('📝 Registro'!D5:D104='👷 Trabajadores'!B10)*('📝 Registro'!E5:E104=A22)*('📝 Registro'!G5:G104)) -> 0 | I22: =SUMPRODUCT(('📝 Registro'!C5:C104=B3)*('📝 Registro'!D5:D104='👷 Trabajadores'!B11)*('📝 Registro'!E5:E104=A22)*('📝 Registro'!G5:G104)) -> 0 | J22: =SUMPRODUCT(('📝 Registro'!C5:C104=B3)*('📝 Registro'!D5:D104='👷 Trabajadores'!B12)*('📝 Registro'!E5:E104=A22)*('📝 Registro'!G5:G104)) -> 0 | K22: =SUMPRODUCT(('📝 Registro'!C5:C104=B3)*('📝 Registro'!D5:D104='👷 Trabajadores'!B13)*('📝 Registro'!E5:E104=A22)*('📝 Registro'!G5:G104)) -> 0 | L22: =SUMPRODUCT(('📝 Registro'!C5:C104=B3)*('📝 Registro'!D5:D104='👷 Trabajadores'!B14)*('📝 Registro'!E5:E104=A22)*('📝 Registro'!G5:G104)) -> 0 | M22: =SUM(C22:L22) -> 0 | Z22: 🦺 Torso | AD22: =SUMPRODUCT(('📝 Registro'!C5:C104=B3)*('📝 Registro'!F5:F104="Torso")*('📝 Registro'!G5:G104)) -> 0
A23: =IFERROR(INDEX('📋 Catálogo EPP'!$B$5:$B$24,2),"") -> Lentes de Seguridad | B23: =IFERROR(INDEX('📋 Catálogo EPP'!$C$5:$C$24,2),"") -> Ojos | C23: =SUMPRODUCT(('📝 Registro'!C5:C104=B3)*('📝 Registro'!D5:D104='👷 Trabajadores'!B5)*('📝 Registro'!E5:E104=A23)*('📝 Registro'!G5:G104)) -> 0 | D23: =SUMPRODUCT(('📝 Registro'!C5:C104=B3)*('📝 Registro'!D5:D104='👷 Trabajadores'!B6)*('📝 Registro'!E5:E104=A23)*('📝 Registro'!G5:G104)) -> 0 | E23: =SUMPRODUCT(('📝 Registro'!C5:C104=B3)*('📝 Registro'!D5:D104='👷 Trabajadores'!B7)*('📝 Registro'!E5:E104=A23)*('📝 Registro'!G5:G104)) -> 0 | F23: =SUMPRODUCT(('📝 Registro'!C5:C104=B3)*('📝 Registro'!D5:D104='👷 Trabajadores'!B8)*('📝 Registro'!E5:E104=A23)*('📝 Registro'!G5:G104)) -> 0 | G23: =SUMPRODUCT(('📝 Registro'!C5:C104=B3)*('📝 Registro'!D5:D104='👷 Trabajadores'!B9)*('📝 Registro'!E5:E104=A23)*('📝 Registro'!G5:G104)) -> 0 | H23: =SUMPRODUCT(('📝 Registro'!C5:C104=B3)*('📝 Registro'!D5:D104='👷 Trabajadores'!B10)*('📝 Registro'!E5:E104=A23)*('📝 Registro'!G5:G104)) -> 0 | I23: =SUMPRODUCT(('📝 Registro'!C5:C104=B3)*('📝 Registro'!D5:D104='👷 Trabajadores'!B11)*('📝 Registro'!E5:E104=A23)*('📝 Registro'!G5:G104)) -> 0 | J23: =SUMPRODUCT(('📝 Registro'!C5:C104=B3)*('📝 Registro'!D5:D104='👷 Trabajadores'!B12)*('📝 Registro'!E5:E104=A23)*('📝 Registro'!G5:G104)) -> 0 | K23: =SUMPRODUCT(('📝 Registro'!C5:C104=B3)*('📝 Registro'!D5:D104='👷 Trabajadores'!B13)*('📝 Registro'!E5:E104=A23)*('📝 Registro'!G5:G104)) -> 0 | L23: =SUMPRODUCT(('📝 Registro'!C5:C104=B3)*('📝 Registro'!D5:D104='👷 Trabajadores'!B14)*('📝 Registro'!E5:E104=A23)*('📝 Registro'!G5:G104)) -> 0 | M23: =SUM(C23:L23) -> 0
A24: =IFERROR(INDEX('📋 Catálogo EPP'!$B$5:$B$24,3),"") -> Tapones Auditivos | B24: =IFERROR(INDEX('📋 Catálogo EPP'!$C$5:$C$24,3),"") -> Oídos | C24: =SUMPRODUCT(('📝 Registro'!C5:C104=B3)*('📝 Registro'!D5:D104='👷 Trabajadores'!B5)*('📝 Registro'!E5:E104=A24)*('📝 Registro'!G5:G104)) -> 0 | D24: =SUMPRODUCT(('📝 Registro'!C5:C104=B3)*('📝 Registro'!D5:D104='👷 Trabajadores'!B6)*('📝 Registro'!E5:E104=A24)*('📝 Registro'!G5:G104)) -> 0 | E24: =SUMPRODUCT(('📝 Registro'!C5:C104=B3)*('📝 Registro'!D5:D104='👷 Trabajadores'!B7)*('📝 Registro'!E5:E104=A24)*('📝 Registro'!G5:G104)) -> 0 | F24: =SUMPRODUCT(('📝 Registro'!C5:C104=B3)*('📝 Registro'!D5:D104='👷 Trabajadores'!B8)*('📝 Registro'!E5:E104=A24)*('📝 Registro'!G5:G104)) -> 0 | G24: =SUMPRODUCT(('📝 Registro'!C5:C104=B3)*('📝 Registro'!D5:D104='👷 Trabajadores'!B9)*('📝 Registro'!E5:E104=A24)*('📝 Registro'!G5:G104)) -> 0 | H24: =SUMPRODUCT(('📝 Registro'!C5:C104=B3)*('📝 Registro'!D5:D104='👷 Trabajadores'!B10)*('📝 Registro'!E5:E104=A24)*('📝 Registro'!G5:G104)) -> 0 | I24: =SUMPRODUCT(('📝 Registro'!C5:C104=B3)*('📝 Registro'!D5:D104='👷 Trabajadores'!B11)*('📝 Registro'!E5:E104=A24)*('📝 Registro'!G5:G104)) -> 0 | J24: =SUMPRODUCT(('📝 Registro'!C5:C104=B3)*('📝 Registro'!D5:D104='👷 Trabajadores'!B12)*('📝 Registro'!E5:E104=A24)*('📝 Registro'!G5:G104)) -> 0 | K24: =SUMPRODUCT(('📝 Registro'!C5:C104=B3)*('📝 Registro'!D5:D104='👷 Trabajadores'!B13)*('📝 Registro'!E5:E104=A24)*('📝 Registro'!G5:G104)) -> 0 | L24: =SUMPRODUCT(('📝 Registro'!C5:C104=B3)*('📝 Registro'!D5:D104='👷 Trabajadores'!B14)*('📝 Registro'!E5:E104=A24)*('📝 Registro'!G5:G104)) -> 0 | M24: =SUM(C24:L24) -> 0
A25: =IFERROR(INDEX('📋 Catálogo EPP'!$B$5:$B$24,4),"") -> Respirador / Mascarilla | B25: =IFERROR(INDEX('📋 Catálogo EPP'!$C$5:$C$24,4),"") -> Respiratorio | C25: =SUMPRODUCT(('📝 Registro'!C5:C104=B3)*('📝 Registro'!D5:D104='👷 Trabajadores'!B5)*('📝 Registro'!E5:E104=A25)*('📝 Registro'!G5:G104)) -> 0 | D25: =SUMPRODUCT(('📝 Registro'!C5:C104=B3)*('📝 Registro'!D5:D104='👷 Trabajadores'!B6)*('📝 Registro'!E5:E104=A25)*('📝 Registro'!G5:G104)) -> 0 | E25: =SUMPRODUCT(('📝 Registro'!C5:C104=B3)*('📝 Registro'!D5:D104='👷 Trabajadores'!B7)*('📝 Registro'!E5:E104=A25)*('📝 Registro'!G5:G104)) -> 0 | F25: =SUMPRODUCT(('📝 Registro'!C5:C104=B3)*('📝 Registro'!D5:D104='👷 Trabajadores'!B8)*('📝 Registro'!E5:E104=A25)*('📝 Registro'!G5:G104)) -> 0 | G25: =SUMPRODUCT(('📝 Registro'!C5:C104=B3)*('📝 Registro'!D5:D104='👷 Trabajadores'!B9)*('📝 Registro'!E5:E104=A25)*('📝 Registro'!G5:G104)) -> 0 | H25: =SUMPRODUCT(('📝 Registro'!C5:C104=B3)*('📝 Registro'!D5:D104='👷 Trabajadores'!B10)*('📝 Registro'!E5:E104=A25)*('📝 Registro'!G5:G104)) -> 0 | I25: =SUMPRODUCT(('📝 Registro'!C5:C104=B3)*('📝 Registro'!D5:D104='👷 Trabajadores'!B11)*('📝 Registro'!E5:E104=A25)*('📝 Registro'!G5:G104)) -> 0 | J25: =SUMPRODUCT(('📝 Registro'!C5:C104=B3)*('📝 Registro'!D5:D104='👷 Trabajadores'!B12)*('📝 Registro'!E5:E104=A25)*('📝 Registro'!G5:G104)) -> 0 | K25: =SUMPRODUCT(('📝 Registro'!C5:C104=B3)*('📝 Registro'!D5:D104='👷 Trabajadores'!B13)*('📝 Registro'!E5:E104=A25)*('📝 Registro'!G5:G104)) -> 0 | L25: =SUMPRODUCT(('📝 Registro'!C5:C104=B3)*('📝 Registro'!D5:D104='👷 Trabajadores'!B14)*('📝 Registro'!E5:E104=A25)*('📝 Registro'!G5:G104)) -> 0 | M25: =SUM(C25:L25) -> 0
A26: =IFERROR(INDEX('📋 Catálogo EPP'!$B$5:$B$24,5),"") -> Chaleco Reflectivo | B26: =IFERROR(INDEX('📋 Catálogo EPP'!$C$5:$C$24,5),"") -> Torso | C26: =SUMPRODUCT(('📝 Registro'!C5:C104=B3)*('📝 Registro'!D5:D104='👷 Trabajadores'!B5)*('📝 Registro'!E5:E104=A26)*('📝 Registro'!G5:G104)) -> 0 | D26: =SUMPRODUCT(('📝 Registro'!C5:C104=B3)*('📝 Registro'!D5:D104='👷 Trabajadores'!B6)*('📝 Registro'!E5:E104=A26)*('📝 Registro'!G5:G104)) -> 0 | E26: =SUMPRODUCT(('📝 Registro'!C5:C104=B3)*('📝 Registro'!D5:D104='👷 Trabajadores'!B7)*('📝 Registro'!E5:E104=A26)*('📝 Registro'!G5:G104)) -> 0 | F26: =SUMPRODUCT(('📝 Registro'!C5:C104=B3)*('📝 Registro'!D5:D104='👷 Trabajadores'!B8)*('📝 Registro'!E5:E104=A26)*('📝 Registro'!G5:G104)) -> 0 | G26: =SUMPRODUCT(('📝 Registro'!C5:C104=B3)*('📝 Registro'!D5:D104='👷 Trabajadores'!B9)*('📝 Registro'!E5:E104=A26)*('📝 Registro'!G5:G104)) -> 0 | H26: =SUMPRODUCT(('📝 Registro'!C5:C104=B3)*('📝 Registro'!D5:D104='👷 Trabajadores'!B10)*('📝 Registro'!E5:E104=A26)*('📝 Registro'!G5:G104)) -> 0 | I26: =SUMPRODUCT(('📝 Registro'!C5:C104=B3)*('📝 Registro'!D5:D104='👷 Trabajadores'!B11)*('📝 Registro'!E5:E104=A26)*('📝 Registro'!G5:G104)) -> 0 | J26: =SUMPRODUCT(('📝 Registro'!C5:C104=B3)*('📝 Registro'!D5:D104='👷 Trabajadores'!B12)*('📝 Registro'!E5:E104=A26)*('📝 Registro'!G5:G104)) -> 0 | K26: =SUMPRODUCT(('📝 Registro'!C5:C104=B3)*('📝 Registro'!D5:D104='👷 Trabajadores'!B13)*('📝 Registro'!E5:E104=A26)*('📝 Registro'!G5:G104)) -> 0 | L26: =SUMPRODUCT(('📝 Registro'!C5:C104=B3)*('📝 Registro'!D5:D104='👷 Trabajadores'!B14)*('📝 Registro'!E5:E104=A26)*('📝 Registro'!G5:G104)) -> 0 | M26: =SUM(C26:L26) -> 0
A27: =IFERROR(INDEX('📋 Catálogo EPP'!$B$5:$B$24,6),"") -> Polo Manga Larga | B27: =IFERROR(INDEX('📋 Catálogo EPP'!$C$5:$C$24,6),"") -> Torso | C27: =SUMPRODUCT(('📝 Registro'!C5:C104=B3)*('📝 Registro'!D5:D104='👷 Trabajadores'!B5)*('📝 Registro'!E5:E104=A27)*('📝 Registro'!G5:G104)) -> 0 | D27: =SUMPRODUCT(('📝 Registro'!C5:C104=B3)*('📝 Registro'!D5:D104='👷 Trabajadores'!B6)*('📝 Registro'!E5:E104=A27)*('📝 Registro'!G5:G104)) -> 0 | E27: =SUMPRODUCT(('📝 Registro'!C5:C104=B3)*('📝 Registro'!D5:D104='👷 Trabajadores'!B7)*('📝 Registro'!E5:E104=A27)*('📝 Registro'!G5:G104)) -> 0 | F27: =SUMPRODUCT(('📝 Registro'!C5:C104=B3)*('📝 Registro'!D5:D104='👷 Trabajadores'!B8)*('📝 Registro'!E5:E104=A27)*('📝 Registro'!G5:G104)) -> 0 | G27: =SUMPRODUCT(('📝 Registro'!C5:C104=B3)*('📝 Registro'!D5:D104='👷 Trabajadores'!B9)*('📝 Registro'!E5:E104=A27)*('📝 Registro'!G5:G104)) -> 0 | H27: =SUMPRODUCT(('📝 Registro'!C5:C104=B3)*('📝 Registro'!D5:D104='👷 Trabajadores'!B10)*('📝 Registro'!E5:E104=A27)*('📝 Registro'!G5:G104)) -> 0 | I27: =SUMPRODUCT(('📝 Registro'!C5:C104=B3)*('📝 Registro'!D5:D104='👷 Trabajadores'!B11)*('📝 Registro'!E5:E104=A27)*('📝 Registro'!G5:G104)) -> 0 | J27: =SUMPRODUCT(('📝 Registro'!C5:C104=B3)*('📝 Registro'!D5:D104='👷 Trabajadores'!B12)*('📝 Registro'!E5:E104=A27)*('📝 Registro'!G5:G104)) -> 0 | K27: =SUMPRODUCT(('📝 Registro'!C5:C104=B3)*('📝 Registro'!D5:D104='👷 Trabajadores'!B13)*('📝 Registro'!E5:E104=A27)*('📝 Registro'!G5:G104)) -> 0 | L27: =SUMPRODUCT(('📝 Registro'!C5:C104=B3)*('📝 Registro'!D5:D104='👷 Trabajadores'!B14)*('📝 Registro'!E5:E104=A27)*('📝 Registro'!G5:G104)) -> 0 | M27: =SUM(C27:L27) -> 0
A28: =IFERROR(INDEX('📋 Catálogo EPP'!$B$5:$B$24,7),"") -> Guantes de Seguridad | B28: =IFERROR(INDEX('📋 Catálogo EPP'!$C$5:$C$24,7),"") -> Manos | C28: =SUMPRODUCT(('📝 Registro'!C5:C104=B3)*('📝 Registro'!D5:D104='👷 Trabajadores'!B5)*('📝 Registro'!E5:E104=A28)*('📝 Registro'!G5:G104)) -> 0 | D28: =SUMPRODUCT(('📝 Registro'!C5:C104=B3)*('📝 Registro'!D5:D104='👷 Trabajadores'!B6)*('📝 Registro'!E5:E104=A28)*('📝 Registro'!G5:G104)) -> 0 | E28: =SUMPRODUCT(('📝 Registro'!C5:C104=B3)*('📝 Registro'!D5:D104='👷 Trabajadores'!B7)*('📝 Registro'!E5:E104=A28)*('📝 Registro'!G5:G104)) -> 0 | F28: =SUMPRODUCT(('📝 Registro'!C5:C104=B3)*('📝 Registro'!D5:D104='👷 Trabajadores'!B8)*('📝 Registro'!E5:E104=A28)*('📝 Registro'!G5:G104)) -> 0 | G28: =SUMPRODUCT(('📝 Registro'!C5:C104=B3)*('📝 Registro'!D5:D104='👷 Trabajadores'!B9)*('📝 Registro'!E5:E104=A28)*('📝 Registro'!G5:G104)) -> 0 | H28: =SUMPRODUCT(('📝 Registro'!C5:C104=B3)*('📝 Registro'!D5:D104='👷 Trabajadores'!B10)*('📝 Registro'!E5:E104=A28)*('📝 Registro'!G5:G104)) -> 0 | I28: =SUMPRODUCT(('📝 Registro'!C5:C104=B3)*('📝 Registro'!D5:D104='👷 Trabajadores'!B11)*('📝 Registro'!E5:E104=A28)*('📝 Registro'!G5:G104)) -> 0 | J28: =SUMPRODUCT(('📝 Registro'!C5:C104=B3)*('📝 Registro'!D5:D104='👷 Trabajadores'!B12)*('📝 Registro'!E5:E104=A28)*('📝 Registro'!G5:G104)) -> 0 | K28: =SUMPRODUCT(('📝 Registro'!C5:C104=B3)*('📝 Registro'!D5:D104='👷 Trabajadores'!B13)*('📝 Registro'!E5:E104=A28)*('📝 Registro'!G5:G104)) -> 0 | L28: =SUMPRODUCT(('📝 Registro'!C5:C104=B3)*('📝 Registro'!D5:D104='👷 Trabajadores'!B14)*('📝 Registro'!E5:E104=A28)*('📝 Registro'!G5:G104)) -> 0 | M28: =SUM(C28:L28) -> 0 | Z28: 🧤 Manos | AD28: =SUMPRODUCT(('📝 Registro'!C5:C104=B3)*('📝 Registro'!F5:F104="Manos")*('📝 Registro'!G5:G104)) -> 0
A29: =IFERROR(INDEX('📋 Catálogo EPP'!$B$5:$B$24,8),"") -> Pantalón de Trabajo | B29: =IFERROR(INDEX('📋 Catálogo EPP'!$C$5:$C$24,8),"") -> Piernas | C29: =SUMPRODUCT(('📝 Registro'!C5:C104=B3)*('📝 Registro'!D5:D104='👷 Trabajadores'!B5)*('📝 Registro'!E5:E104=A29)*('📝 Registro'!G5:G104)) -> 0 | D29: =SUMPRODUCT(('📝 Registro'!C5:C104=B3)*('📝 Registro'!D5:D104='👷 Trabajadores'!B6)*('📝 Registro'!E5:E104=A29)*('📝 Registro'!G5:G104)) -> 0 | E29: =SUMPRODUCT(('📝 Registro'!C5:C104=B3)*('📝 Registro'!D5:D104='👷 Trabajadores'!B7)*('📝 Registro'!E5:E104=A29)*('📝 Registro'!G5:G104)) -> 0 | F29: =SUMPRODUCT(('📝 Registro'!C5:C104=B3)*('📝 Registro'!D5:D104='👷 Trabajadores'!B8)*('📝 Registro'!E5:E104=A29)*('📝 Registro'!G5:G104)) -> 0 | G29: =SUMPRODUCT(('📝 Registro'!C5:C104=B3)*('📝 Registro'!D5:D104='👷 Trabajadores'!B9)*('📝 Registro'!E5:E104=A29)*('📝 Registro'!G5:G104)) -> 0 | H29: =SUMPRODUCT(('📝 Registro'!C5:C104=B3)*('📝 Registro'!D5:D104='👷 Trabajadores'!B10)*('📝 Registro'!E5:E104=A29)*('📝 Registro'!G5:G104)) -> 0 | I29: =SUMPRODUCT(('📝 Registro'!C5:C104=B3)*('📝 Registro'!D5:D104='👷 Trabajadores'!B11)*('📝 Registro'!E5:E104=A29)*('📝 Registro'!G5:G104)) -> 0 | J29: =SUMPRODUCT(('📝 Registro'!C5:C104=B3)*('📝 Registro'!D5:D104='👷 Trabajadores'!B12)*('📝 Registro'!E5:E104=A29)*('📝 Registro'!G5:G104)) -> 0 | K29: =SUMPRODUCT(('📝 Registro'!C5:C104=B3)*('📝 Registro'!D5:D104='👷 Trabajadores'!B13)*('📝 Registro'!E5:E104=A29)*('📝 Registro'!G5:G104)) -> 0 | L29: =SUMPRODUCT(('📝 Registro'!C5:C104=B3)*('📝 Registro'!D5:D104='👷 Trabajadores'!B14)*('📝 Registro'!E5:E104=A29)*('📝 Registro'!G5:G104)) -> 0 | M29: =SUM(C29:L29) -> 0
A30: =IFERROR(INDEX('📋 Catálogo EPP'!$B$5:$B$24,9),"") -> Botas de Seguridad | B30: =IFERROR(INDEX('📋 Catálogo EPP'!$C$5:$C$24,9),"") -> Pies | C30: =SUMPRODUCT(('📝 Registro'!C5:C104=B3)*('📝 Registro'!D5:D104='👷 Trabajadores'!B5)*('📝 Registro'!E5:E104=A30)*('📝 Registro'!G5:G104)) -> 0 | D30: =SUMPRODUCT(('📝 Registro'!C5:C104=B3)*('📝 Registro'!D5:D104='👷 Trabajadores'!B6)*('📝 Registro'!E5:E104=A30)*('📝 Registro'!G5:G104)) -> 0 | E30: =SUMPRODUCT(('📝 Registro'!C5:C104=B3)*('📝 Registro'!D5:D104='👷 Trabajadores'!B7)*('📝 Registro'!E5:E104=A30)*('📝 Registro'!G5:G104)) -> 0 | F30: =SUMPRODUCT(('📝 Registro'!C5:C104=B3)*('📝 Registro'!D5:D104='👷 Trabajadores'!B8)*('📝 Registro'!E5:E104=A30)*('📝 Registro'!G5:G104)) -> 0 | G30: =SUMPRODUCT(('📝 Registro'!C5:C104=B3)*('📝 Registro'!D5:D104='👷 Trabajadores'!B9)*('📝 Registro'!E5:E104=A30)*('📝 Registro'!G5:G104)) -> 0 | H30: =SUMPRODUCT(('📝 Registro'!C5:C104=B3)*('📝 Registro'!D5:D104='👷 Trabajadores'!B10)*('📝 Registro'!E5:E104=A30)*('📝 Registro'!G5:G104)) -> 0 | I30: =SUMPRODUCT(('📝 Registro'!C5:C104=B3)*('📝 Registro'!D5:D104='👷 Trabajadores'!B11)*('📝 Registro'!E5:E104=A30)*('📝 Registro'!G5:G104)) -> 0 | J30: =SUMPRODUCT(('📝 Registro'!C5:C104=B3)*('📝 Registro'!D5:D104='👷 Trabajadores'!B12)*('📝 Registro'!E5:E104=A30)*('📝 Registro'!G5:G104)) -> 0 | K30: =SUMPRODUCT(('📝 Registro'!C5:C104=B3)*('📝 Registro'!D5:D104='👷 Trabajadores'!B13)*('📝 Registro'!E5:E104=A30)*('📝 Registro'!G5:G104)) -> 0 | L30: =SUMPRODUCT(('📝 Registro'!C5:C104=B3)*('📝 Registro'!D5:D104='👷 Trabajadores'!B14)*('📝 Registro'!E5:E104=A30)*('📝 Registro'!G5:G104)) -> 0 | M30: =SUM(C30:L30) -> 0
A31: =IFERROR(INDEX('📋 Catálogo EPP'!$B$5:$B$24,10),"") -> Arnes de Seguridad | B31: =IFERROR(INDEX('📋 Catálogo EPP'!$C$5:$C$24,10),"") -> Torso | C31: =SUMPRODUCT(('📝 Registro'!C5:C104=B3)*('📝 Registro'!D5:D104='👷 Trabajadores'!B5)*('📝 Registro'!E5:E104=A31)*('📝 Registro'!G5:G104)) -> 0 | D31: =SUMPRODUCT(('📝 Registro'!C5:C104=B3)*('📝 Registro'!D5:D104='👷 Trabajadores'!B6)*('📝 Registro'!E5:E104=A31)*('📝 Registro'!G5:G104)) -> 0 | E31: =SUMPRODUCT(('📝 Registro'!C5:C104=B3)*('📝 Registro'!D5:D104='👷 Trabajadores'!B7)*('📝 Registro'!E5:E104=A31)*('📝 Registro'!G5:G104)) -> 0 | F31: =SUMPRODUCT(('📝 Registro'!C5:C104=B3)*('📝 Registro'!D5:D104='👷 Trabajadores'!B8)*('📝 Registro'!E5:E104=A31)*('📝 Registro'!G5:G104)) -> 0 | G31: =SUMPRODUCT(('📝 Registro'!C5:C104=B3)*('📝 Registro'!D5:D104='👷 Trabajadores'!B9)*('📝 Registro'!E5:E104=A31)*('📝 Registro'!G5:G104)) -> 0 | H31: =SUMPRODUCT(('📝 Registro'!C5:C104=B3)*('📝 Registro'!D5:D104='👷 Trabajadores'!B10)*('📝 Registro'!E5:E104=A31)*('📝 Registro'!G5:G104)) -> 0 | I31: =SUMPRODUCT(('📝 Registro'!C5:C104=B3)*('📝 Registro'!D5:D104='👷 Trabajadores'!B11)*('📝 Registro'!E5:E104=A31)*('📝 Registro'!G5:G104)) -> 0 | J31: =SUMPRODUCT(('📝 Registro'!C5:C104=B3)*('📝 Registro'!D5:D104='👷 Trabajadores'!B12)*('📝 Registro'!E5:E104=A31)*('📝 Registro'!G5:G104)) -> 0 | K31: =SUMPRODUCT(('📝 Registro'!C5:C104=B3)*('📝 Registro'!D5:D104='👷 Trabajadores'!B13)*('📝 Registro'!E5:E104=A31)*('📝 Registro'!G5:G104)) -> 0 | L31: =SUMPRODUCT(('📝 Registro'!C5:C104=B3)*('📝 Registro'!D5:D104='👷 Trabajadores'!B14)*('📝 Registro'!E5:E104=A31)*('📝 Registro'!G5:G104)) -> 0 | M31: =SUM(C31:L31) -> 0
A32: =IFERROR(INDEX('📋 Catálogo EPP'!$B$5:$B$24,11),"") -> Protector Facial | B32: =IFERROR(INDEX('📋 Catálogo EPP'!$C$5:$C$24,11),"") -> Ojos | C32: =SUMPRODUCT(('📝 Registro'!C5:C104=B3)*('📝 Registro'!D5:D104='👷 Trabajadores'!B5)*('📝 Registro'!E5:E104=A32)*('📝 Registro'!G5:G104)) -> 0 | D32: =SUMPRODUCT(('📝 Registro'!C5:C104=B3)*('📝 Registro'!D5:D104='👷 Trabajadores'!B6)*('📝 Registro'!E5:E104=A32)*('📝 Registro'!G5:G104)) -> 0 | E32: =SUMPRODUCT(('📝 Registro'!C5:C104=B3)*('📝 Registro'!D5:D104='👷 Trabajadores'!B7)*('📝 Registro'!E5:E104=A32)*('📝 Registro'!G5:G104)) -> 0 | F32: =SUMPRODUCT(('📝 Registro'!C5:C104=B3)*('📝 Registro'!D5:D104='👷 Trabajadores'!B8)*('📝 Registro'!E5:E104=A32)*('📝 Registro'!G5:G104)) -> 0 | G32: =SUMPRODUCT(('📝 Registro'!C5:C104=B3)*('📝 Registro'!D5:D104='👷 Trabajadores'!B9)*('📝 Registro'!E5:E104=A32)*('📝 Registro'!G5:G104)) -> 0 | H32: =SUMPRODUCT(('📝 Registro'!C5:C104=B3)*('📝 Registro'!D5:D104='👷 Trabajadores'!B10)*('📝 Registro'!E5:E104=A32)*('📝 Registro'!G5:G104)) -> 0 | I32: =SUMPRODUCT(('📝 Registro'!C5:C104=B3)*('📝 Registro'!D5:D104='👷 Trabajadores'!B11)*('📝 Registro'!E5:E104=A32)*('📝 Registro'!G5:G104)) -> 0 | J32: =SUMPRODUCT(('📝 Registro'!C5:C104=B3)*('📝 Registro'!D5:D104='👷 Trabajadores'!B12)*('📝 Registro'!E5:E104=A32)*('📝 Registro'!G5:G104)) -> 0 | K32: =SUMPRODUCT(('📝 Registro'!C5:C104=B3)*('📝 Registro'!D5:D104='👷 Trabajadores'!B13)*('📝 Registro'!E5:E104=A32)*('📝 Registro'!G5:G104)) -> 0 | L32: =SUMPRODUCT(('📝 Registro'!C5:C104=B3)*('📝 Registro'!D5:D104='👷 Trabajadores'!B14)*('📝 Registro'!E5:E104=A32)*('📝 Registro'!G5:G104)) -> 0 | M32: =SUM(C32:L32) -> 0
A33: =IFERROR(INDEX('📋 Catálogo EPP'!$B$5:$B$24,12),"") -> Impermeable / Lluvia | B33: =IFERROR(INDEX('📋 Catálogo EPP'!$C$5:$C$24,12),"") -> Torso | C33: =SUMPRODUCT(('📝 Registro'!C5:C104=B3)*('📝 Registro'!D5:D104='👷 Trabajadores'!B5)*('📝 Registro'!E5:E104=A33)*('📝 Registro'!G5:G104)) -> 0 | D33: =SUMPRODUCT(('📝 Registro'!C5:C104=B3)*('📝 Registro'!D5:D104='👷 Trabajadores'!B6)*('📝 Registro'!E5:E104=A33)*('📝 Registro'!G5:G104)) -> 0 | E33: =SUMPRODUCT(('📝 Registro'!C5:C104=B3)*('📝 Registro'!D5:D104='👷 Trabajadores'!B7)*('📝 Registro'!E5:E104=A33)*('📝 Registro'!G5:G104)) -> 0 | F33: =SUMPRODUCT(('📝 Registro'!C5:C104=B3)*('📝 Registro'!D5:D104='👷 Trabajadores'!B8)*('📝 Registro'!E5:E104=A33)*('📝 Registro'!G5:G104)) -> 0 | G33: =SUMPRODUCT(('📝 Registro'!C5:C104=B3)*('📝 Registro'!D5:D104='👷 Trabajadores'!B9)*('📝 Registro'!E5:E104=A33)*('📝 Registro'!G5:G104)) -> 0 | H33: =SUMPRODUCT(('📝 Registro'!C5:C104=B3)*('📝 Registro'!D5:D104='👷 Trabajadores'!B10)*('📝 Registro'!E5:E104=A33)*('📝 Registro'!G5:G104)) -> 0 | I33: =SUMPRODUCT(('📝 Registro'!C5:C104=B3)*('📝 Registro'!D5:D104='👷 Trabajadores'!B11)*('📝 Registro'!E5:E104=A33)*('📝 Registro'!G5:G104)) -> 0 | J33: =SUMPRODUCT(('📝 Registro'!C5:C104=B3)*('📝 Registro'!D5:D104='👷 Trabajadores'!B12)*('📝 Registro'!E5:E104=A33)*('📝 Registro'!G5:G104)) -> 0 | K33: =SUMPRODUCT(('📝 Registro'!C5:C104=B3)*('📝 Registro'!D5:D104='👷 Trabajadores'!B13)*('📝 Registro'!E5:E104=A33)*('📝 Registro'!G5:G104)) -> 0 | L33: =SUMPRODUCT(('📝 Registro'!C5:C104=B3)*('📝 Registro'!D5:D104='👷 Trabajadores'!B14)*('📝 Registro'!E5:E104=A33)*('📝 Registro'!G5:G104)) -> 0 | M33: =SUM(C33:L33) -> 0
A34: TOTAL GENERAL | C34: =SUM(C22:C33) -> 0 | D34: =SUM(D22:D33) -> 0 | E34: =SUM(E22:E33) -> 0 | F34: =SUM(F22:F33) -> 0 | G34: =SUM(G22:G33) -> 0 | H34: =SUM(H22:H33) -> 0 | I34: =SUM(I22:I33) -> 0 | J34: =SUM(J22:J33) -> 0 | ... M34: =SUM(M22:M33) -> 0
Z35: 👖 Piernas | AD35: =SUMPRODUCT(('📝 Registro'!C5:C104=B3)*('📝 Registro'!F5:F104="Piernas")*('📝 Registro'!G5:G104)) -> 0
Z44: 👢 Pies | AD44: =SUMPRODUCT(('📝 Registro'!C5:C104=B3)*('📝 Registro'!F5:F104="Pies")*('📝 Registro'!G5:G104)) -> 0

Sheet 📋 Catálogo EPP
A1: 📋 CATÁLOGO DE EPPs — EDITABLE
A2: ✏️ Puedes agregar, editar o eliminar filas. El Registro y Resumen se actualizan automáticamente.
A4: # | B4: NOMBRE DEL EPP | C4: ZONA DEL CUERPO | D4: EMOJI / SÍMBOLO | E4: UNIDAD | F4: OBSERVACIONES | G4: ACTIVO
A5: 1 | B5: Casco de Seguridad | C5: Cabeza | D5: 🪖 | E5: Unidad | G5: SÍ
A6: 2 | B6: Lentes de Seguridad | C6: Ojos | D6: 🥽 | E6: Unidad | G6: SÍ
A7: 3 | B7: Tapones Auditivos | C7: Oídos | D7: 👂 | E7: Par | G7: SÍ
A8: 4 | B8: Respirador / Mascarilla | C8: Respiratorio | D8: 😷 | E8: Unidad | G8: SÍ
A9: 5 | B9: Chaleco Reflectivo | C9: Torso | D9: 🦺 | E9: Unidad | G9: SÍ
A10: 6 | B10: Polo Manga Larga | C10: Torso | D10: 👕 | E10: Unidad | G10: SÍ
A11: 7 | B11: Guantes de Seguridad | C11: Manos | D11: 🧤 | E11: Par | G11: SÍ
A12: 8 | B12: Pantalón de Trabajo | C12: Piernas | D12: 👖 | E12: Unidad | G12: SÍ
A13: 9 | B13: Botas de Seguridad | C13: Pies | D13: 👢 | E13: Par | G13: SÍ
A14: 10 | B14: Arnes de Seguridad | C14: Torso | D14: 🔒 | E14: Unidad | G14: SÍ
A15: 11 | B15: Protector Facial | C15: Ojos | D15: 🛡️ | E15: Unidad | G15: SÍ
A16: 12 | B16: Impermeable / Lluvia | C16: Torso | D16: 🧥 | E16: Unidad | G16: SÍ
A17: 13
A18: 14
A19: 15
A20: 16
A21: 17
A22: 18
A23: 19
A24: 20
A26: ℹ️ INSTRUCCIONES: Agrega nuevos EPPs en las filas en blanco. La columna 'Zona del Cuerpo' tiene lista desplegable. 'Activo=NO' lo oculta del registro.

Sheet 👷 Trabajadores
A1: 👷 REGISTRO DE TRABAJADORES
A2: ✏️ Edita los nombres, cargo y área de cada trabajador.
A4: # | B4: NOMBRE COMPLETO | C4: DNI / CÓDIGO | D4: CARGO | E4: ÁREA | F4: FECHA INGRESO
A5: 1 | B5: Juan Pérez García | C5: 45678901 | D5: Operario | E5: Producción | F5: 01/01/2024
A6: 2 | B6: Carlos López Ríos | C6: 52341678 | D6: Técnico | E6: Mantenimiento | F6: 01/01/2024
A7: 3 | B7: Miguel Torres Díaz | C7: 61234567 | D7: Supervisor | E7: Producción | F7: 01/01/2024
A8: 4 | B8: Pedro Vargas Silva | C8: 47891234 | D8: Operario | E8: Almacén | F8: 01/01/2024
A9: 5 | B9: Luis Ramos Flores | C9: 55123489 | D9: Electricista | E9: Mantenimiento | F9: 01/01/2024
A10: 6 | B10: Jorge Huanca Mamani | C10: 43219876 | D10: Operario | E10: Producción | F10: 01/01/2024
A11: 7 | B11: Roberto Soto Cruz | C11: 58765432 | D11: Mecánico | E11: Mantenimiento | F11: 01/01/2024
A12: 8 | B12: Antonio Quispe Lima | C12: 62345678 | D12: Operario | E12: Almacén | F12: 01/01/2024
A13: 9 | B13: Francisco Paredes R. | C13: 49876543 | D13: Técnico HSE | E13: Seguridad | F13: 01/01/2024
A14: 10 | B14: Héctor Mendoza Vega | C14: 53987654 | D14: Operario | E14: Producción | F14: 01/01/2024

Sheet 📝 Registro
A1: 📝 REGISTRO DE ENTREGA DE EPPs
A2: ✏️ Ingresa cada entrega de EPP aquí. Usa las listas desplegables en Trabajador y EPP.
A4: # | B4: FECHA | C4: AÑO | D4: TRABAJADOR | E4: EPP ENTREGADO | F4: ZONA CUERPO | G4: CANTIDAD | H4: FIRMA / OBSERVACIÓN
A5: 1 | B5: 45772 | C5: =IF(B5<>"",YEAR(B5),0) -> 2025 | D5: Juan Pérez García | E5: Casco de Seguridad | F5: =IF(E5<>"",IFERROR(INDEX('📋 Catálogo EPP'!$C$5:$C$24,MATCH(E5,'📋 Catálogo EPP'!$B$5:$B$24,0)),"?"),"") -> Cabeza | G5: 1 | H5: Conforme
A6: 2 | B6: 45772 | C6: =IF(B6<>"",YEAR(B6),0) -> 2025 | D6: Juan Pérez García | E6: Guantes de Seguridad | F6: =IF(E6<>"",IFERROR(INDEX('📋 Catálogo EPP'!$C$5:$C$24,MATCH(E6,'📋 Catálogo EPP'!$B$5:$B$24,0)),"?"),"") -> Manos | G6: 2 | H6: Conforme
A7: 3 | B7: 45773 | C7: =IF(B7<>"",YEAR(B7),0) -> 2025 | D7: Carlos López Ríos | E7: Lentes de Seguridad | F7: =IF(E7<>"",IFERROR(INDEX('📋 Catálogo EPP'!$C$5:$C$24,MATCH(E7,'📋 Catálogo EPP'!$B$5:$B$24,0)),"?"),"") -> Ojos | G7: 1
A8: 4 | B8: 45773 | C8: =IF(B8<>"",YEAR(B8),0) -> 2025 | D8: Carlos López Ríos | E8: Botas de Seguridad | F8: =IF(E8<>"",IFERROR(INDEX('📋 Catálogo EPP'!$C$5:$C$24,MATCH(E8,'📋 Catálogo EPP'!$B$5:$B$24,0)),"?"),"") -> Pies | G8: 1 | H8: Talla 42
A9: 5 | B9: 45774 | C9: =IF(B9<>"",YEAR(B9),0) -> 2025 | D9: Miguel Torres Díaz | E9: Casco de Seguridad | F9: =IF(E9<>"",IFERROR(INDEX('📋 Catálogo EPP'!$C$5:$C$24,MATCH(E9,'📋 Catálogo EPP'!$B$5:$B$24,0)),"?"),"") -> Cabeza | G9: 1 | H9: Conforme
A10: 6 | B10: 45774 | C10: =IF(B10<>"",YEAR(B10),0) -> 2025 | D10: Pedro Vargas Silva | E10: Chaleco Reflectivo | F10: =IF(E10<>"",IFERROR(INDEX('📋 Catálogo EPP'!$C$5:$C$24,MATCH(E10,'📋 Catálogo EPP'!$B$5:$B$24,0)),"?"),"") -> Torso | G10: 1 | H10: Talla L
A11: 7 | B11: 45775 | C11: =IF(B11<>"",YEAR(B11),0) -> 2025 | D11: Luis Ramos Flores | E11: Respirador / Mascarilla | F11: =IF(E11<>"",IFERROR(INDEX('📋 Catálogo EPP'!$C$5:$C$24,MATCH(E11,'📋 Catálogo EPP'!$B$5:$B$24,0)),"?"),"") -> Respiratorio | G11: 2 | H11: Recambio filtros
A12: 8 | B12: 45775 | C12: =IF(B12<>"",YEAR(B12),0) -> 2025 | D12: Jorge Huanca Mamani | E12: Polo Manga Larga | F12: =IF(E12<>"",IFERROR(INDEX('📋 Catálogo EPP'!$C$5:$C$24,MATCH(E12,'📋 Catálogo EPP'!$B$5:$B$24,0)),"?"),"") -> Torso | G12: 2 | H12: Talla M
A13: 9 | B13: 45776 | C13: =IF(B13<>"",YEAR(B13),0) -> 2025 | D13: Roberto Soto Cruz | E13: Pantalón de Trabajo | F13: =IF(E13<>"",IFERROR(INDEX('📋 Catálogo EPP'!$C$5:$C$24,MATCH(E13,'📋 Catálogo EPP'!$B$5:$B$24,0)),"?"),"") -> Piernas | G13: 1 | H13: Talla 32
A14: 10 | B14: 45776 | C14: =IF(B14<>"",YEAR(B14),0) -> 2025 | D14: Antonio Quispe Lima | E14: Guantes de Seguridad | F14: =IF(E14<>"",IFERROR(INDEX('📋 Catálogo EPP'!$C$5:$C$24,MATCH(E14,'📋 Catálogo EPP'!$B$5:$B$24,0)),"?"),"") -> Manos | G14: 1 | H14: Conforme
A15: 11 | C15: =IF(B15<>"",YEAR(B15),0) -> 0 | F15: =IF(E15<>"",IFERROR(INDEX('📋 Catálogo EPP'!$C$5:$C$24,MATCH(E15,'📋 Catálogo EPP'!$B$5:$B$24,0)),"?"),"")
A16: 12 | C16: =IF(B16<>"",YEAR(B16),0) -> 0 | F16: =IF(E16<>"",IFERROR(INDEX('📋 Catálogo EPP'!$C$5:$C$24,MATCH(E16,'📋 Catálogo EPP'!$B$5:$B$24,0)),"?"),"")
A17: 13 | C17: =IF(B17<>"",YEAR(B17),0) -> 0 | F17: =IF(E17<>"",IFERROR(INDEX('📋 Catálogo EPP'!$C$5:$C$24,MATCH(E17,'📋 Catálogo EPP'!$B$5:$B$24,0)),"?"),"")
A18: 14 | C18: =IF(B18<>"",YEAR(B18),0) -> 0 | F18: =IF(E18<>"",IFERROR(INDEX('📋 Catálogo EPP'!$C$5:$C$24,MATCH(E18,'📋 Catálogo EPP'!$B$5:$B$24,0)),"?"),"")
A19: 15 | C19: =IF(B19<>"",YEAR(B19),0) -> 0 | F19: =IF(E19<>"",IFERROR(INDEX('📋 Catálogo EPP'!$C$5:$C$24,MATCH(E19,'📋 Catálogo EPP'!$B$5:$B$24,0)),"?"),"")
A20: 16 | C20: =IF(B20<>"",YEAR(B20),0) -> 0 | F20: =IF(E20<>"",IFERROR(INDEX('📋 Catálogo EPP'!$C$5:$C$24,MATCH(E20,'📋 Catálogo EPP'!$B$5:$B$24,0)),"?"),"")
A21: 17 | C21: =IF(B21<>"",YEAR(B21),0) -> 0 | F21: =IF(E21<>"",IFERROR(INDEX('📋 Catálogo EPP'!$C$5:$C$24,MATCH(E21,'📋 Catálogo EPP'!$B$5:$B$24,0)),"?"),"")
A22: 18 | C22: =IF(B22<>"",YEAR(B22),0) -> 0 | F22: =IF(E22<>"",IFERROR(INDEX('📋 Catálogo EPP'!$C$5:$C$24,MATCH(E22,'📋 Catálogo EPP'!$B$5:$B$24,0)),"?"),"")
A23: 19 | C23: =IF(B23<>"",YEAR(B23),0) -> 0 | F23: =IF(E23<>"",IFERROR(INDEX('📋 Catálogo EPP'!$C$5:$C$24,MATCH(E23,'📋 Catálogo EPP'!$B$5:$B$24,0)),"?"),"")
A24: 20 | C24: =IF(B24<>"",YEAR(B24),0) -> 0 | F24: =IF(E24<>"",IFERROR(INDEX('📋 Catálogo EPP'!$C$5:$C$24,MATCH(E24,'📋 Catálogo EPP'!$B$5:$B$24,0)),"?"),"")
A25: 21 | C25: =IF(B25<>"",YEAR(B25),0) -> 0 | F25: =IF(E25<>"",IFERROR(INDEX('📋 Catálogo EPP'!$C$5:$C$24,MATCH(E25,'📋 Catálogo EPP'!$B$5:$B$24,0)),"?"),"")
A26: 22 | C26: =IF(B26<>"",YEAR(B26),0) -> 0 | F26: =IF(E26<>"",IFERROR(INDEX('📋 Catálogo EPP'!$C$5:$C$24,MATCH(E26,'📋 Catálogo EPP'!$B$5:$B$24,0)),"?"),"")
... A104: 100 | C104: =IF(B104<>"",YEAR(B104),0) -> 0 | F104: =IF(E104<>"",IFERROR(INDEX('📋 Catálogo EPP'!$C$5:$C$24,MATCH(E104,'📋 Catálogo EPP'!$B$5:$B$24,0)),"?"),"")

Sheet ℹ️ Instrucciones
A1: 📘 INSTRUCCIONES DE USO
A3: PASO 1 | B3: 📋 Catálogo EPP | C3: Revisa y edita la lista de EPPs. Puedes agregar nuevos en las filas en blanco. Cada EPP tiene una Zona del Cuerpo (lista desplegable). El Dashboard se actualiza solo.
A4: PASO 2 | B4: 👷 Trabajadores | C4: Edita los nombres, DNI, cargo y área de los 10 trabajadores. Si tienes más trabajadores, agrega filas y actualiza las fórmulas en el Dashboard.
A5: PASO 3 | B5: 📝 Registro | C5: Cada vez que entregues un EPP, agrega una fila: Fecha, Trabajador (lista desplegable), EPP (lista desplegable), Cantidad y Firma/Observación. La Zona del Cuerpo se llena automáticamente.
A6: PASO 4 | B6: 📊 Dashboard | C6: Cambia el año en la celda B3 para ver el resumen del año que necesites. El cuerpo humano y las tablas se actualizan automáticamente con tus registros.
A7: CONSEJO | B7: Agregar EPPs | C7: Para agregar un EPP nuevo: ve a '📋 Catálogo EPP', escribe el nombre en la columna B, selecciona la Zona del Cuerpo con el desplegable, y ponlo como Activo=SÍ. Aparecerá automáticamente en los desplegables del Registro.
A8: CONSEJO | B8: Más trabajadores | C8: Puedes agregar más de 10 trabajadores en la hoja 👷 Trabajadores. Para que aparezcan en el Dashboard, extiende las fórmulas de la tabla de resumen.
